Data,Ler_Completado,Desenhar_Completado,Estudar_Completado,Habito_Personalizado,Nivel_Estresse,Bem_Estar_Score,Reflexao_Diaria,Sequencia_Ler,Sequencia_Desenhar,Sequencia_Estudar
2025-07-01,Sim,Não,Sim,,7,67,"Dia produtivo, consegui ler e estudar. Desenho ficou para amanhã.",1,0,1
2025-07-02,Sim,Sim,Não,Meditar,5,67,"Bom equilíbrio hoje. Meditação ajudou a reduzir estresse.",2,1,0
2025-07-03,Não,Sim,Sim,,8,67,"Dia corrido no trabalho, mas consegui desenhar e estudar à noite.",0,2,1
2025-07-04,Sim,Sim,Sim,Meditar,3,100,"Dia perfeito! Todos os hábitos completados e me sinto muito bem.",1,3,2
2025-07-05,Sim,Não,Sim,,6,67,"Fim de semana relaxante. Foquei em leitura e estudos.",2,0,3
2025-07-06,Não,Sim,Não,Caminhada,4,33,"Dia de descanso. Apenas desenhei um pouco e caminhei.",0,1,0
2025-07-07,Sim,Sim,Sim,Meditar,2,100,"Excelente início de semana. Todos os hábitos e baixo estresse.",1,2,1
2025-07-08,Sim,Não,Sim,,5,67,"Trabalho intenso, mas mantive leitura e estudos.",2,0,2
2025-07-09,Não,Sim,Sim,Caminhada,7,67,"Estresse do meio da semana, mas desenho me relaxou.",0,1,3
2025-07-10,Sim,Sim,Não,,4,67,"Foco na criatividade hoje. Leitura e desenho foram ótimos.",1,2,0
2025-07-11,Sim,Sim,Sim,Meditar,3,100,"Outro dia completo! Rotina está funcionando bem.",2,3,1
2025-07-12,Não,Não,Sim,,8,33,"Dia difícil, apenas consegui estudar um pouco.",0,0,2
2025-07-13,Sim,Sim,Não,Caminhada,5,67,"Recuperação do dia anterior. Leitura e desenho ajudaram.",1,1,0
2025-07-14,Sim,Sim,Sim,Meditar,2,100,"Semana termina bem. Todos os hábitos e muito relaxado.",2,2,1
2025-07-15,Sim,Não,Sim,,4,67,"Início de nova semana com energia renovada.",3,0,2

